{
    "Thành phố Hồ Chí Minh": {
        "Huyện Bình Chánh": {
            "Xã Vĩnh Lộc A": {
                "2021-01": 0.0,
                "2021-03": 35576923.07692308,
                "2021-06": 44117647.058823526,
                "2021-12": 13556410.256410256,
                "2022-07": 24333333.333333332,
                "2022-08": 29166666.666666668,
                "2024-05": 55172413.79310345,
                "2024-10": 13500000.0
            },
            "Xã Phạm Văn Hai": {
                "2021-03": 32500000.0,
                "2022-04": 18939393.939393938,
                "2022-08": 7375000.0,
                "2022-09": 26819923.37164751,
                "2023-10": 2807017.543859649,
                "2024-07": 10851063.829787234,
                "2025-08": 3547871.2772336598
            },
            "Xã Hưng Long": {
                "2021-03": 7666666.666666667,
                "2022-08": 11517857.142857144,
                "2022-12": 8750000.0,
                "2023-02": 24444444.444444444,
                "2023-03": 21000000.0,
                "2024-08": 6718750.0,
                "2024-09": 25892857.14285714
            },
            "Xã Tân Quý Tây": {
                "2021-04": 10092592.592592593,
                "2021-05": 8666666.666666666,
                "2022-02": 15246636.771300448,
                "2022-03": 5825242.718446602,
                "2022-11": 23924242.424242426,
                "2023-02": 29729729.72972973
            },
            "Xã Bình Chánh": {
                "2021-04": 12375000.0,
                "2022-03": 9611111.111111112,
                "2022-04": 16564320.22084196,
                "2022-06": 13173449.6124031,
                "2022-07": 16612500.0,
                "2022-08": 8611111.111111112,
                "2022-09": 5764705882.3529415,
                "2022-10": 20833333.333333332,
                "2022-12": 7677083.333333334
            },
            "Xã Quy Đức": {
                "2021-05": 22807017.54385965
            },
            "Xã Vĩnh Lộc B": {
                "2021-05": 16875000.0,
                "2021-07": 28750000.0,
                "2025-04": 22413793.103448275
            },
            "Xã Bình Hưng": {
                "2021-07": 84000000.0,
                "2022-07": 20238095.23809524,
                "2022-09": 28461538.46153846,
                "2022-10": 28027777.777777776,
                "2023-05": 40000000.0,
                "2023-12": 150000000.0,
                "2024-04": 18811764.70588235,
                "2024-05": 84492957.74647887,
                "2024-08": 8479532.16374269
            },
            "Xã Phong Phú": {
                "2021-07": 25000000.0,
                "2023-07": 29000000.0,
                "2023-10": 48333333.333333336,
                "2023-11": 44827586.20689655
            },
            "Xã An Phú Tây": {
                "2021-12": 10250000.0
            },
            "Xã Tân Tạo": {
                "2022-03": 6000000.0,
                "2024-05": 60526315.78947368
            },
            "Xã Tân Kiên": {
                "2022-04": 15384615.384615384,
                "2023-03": 55000000.0,
                "2024-09": 33932291.666666664
            },
            "Thị Trấn Tân Túc": {
                "2022-04": 24500000.0,
                "2022-12": 14166666.666666666,
                "2024-07": 3574297.18875502
            },
            "Xã Bình Lợi": {
                "2024-04": 15070351.75879397
            }
        }
    }
}